Title,Cleaned_Title
"  director of Innovation , manager of operations ",director of Innovation
academic advising manager,Academic Advising Manager
academic affairs manager,Academic Affairs Manager
"Accelerating growth in Private Equity backed ventures, CFO - COO",COO
"Accelerating growth Manager in AX backed ventures, CFO",CFO
accounting manager,Accounting Manager
Acting COO & Head of Underwriting,COO
"Acting Manager of Operations, Interim Director of Legal",Interim Director of Legal
actuarial services manager,Actuarial Services Manager
admissions manager,Admissions Manager
Advanced and Predictive Analytics Product Owner,Product Owner
agile manager,Agile Manager
"Agile Program Manager - HR Digital Platform, Certified SAFe Product Owner / Product Manager",Product Owner
ai manager,AI Manager
alumni relations manager,Alumni Relations Manager
analytics director,Analytics Director
analytics director,Analytics Director
analytics manager,Analytics Manager
animation manager,Animation Manager
application development manager,Application Development Manager
ar/vr manager,AR/VR Manager
architecture manager,Architecture Manager
Area Completions Lead / System Owner,System Owner
art education manager,Art Education Manager
arts and culture manager,Arts and Culture Manager
asset allocation manager,Asset Allocation Manager
asset management manager,Asset Management Manager
Assistant Manager of HR / Executive Director of Operations,Executive Director of Operations
athletic training manager,Athletic Training Manager
athletics manager,Athletics Manager
automation manager,Automation Manager
behavioral health manager,Behavioral Health Manager
benefits administration manager,Benefits Administration Manager
bi manager,BI Manager
big data manager,Big Data Manager
bioinformatics manager,Bioinformatics Manager
biostatistics manager,Biostatistics Manager
blockchain manager,Blockchain Manager
brand director,Brand Director
brand director,Brand Director
brand manager,Brand Manager
broadcasting manager,Broadcasting Manager
brokerage manager,Brokerage Manager
budgeting manager,Budgeting Manager
business analytics manager,Business Analytics Manager
business continuity manager,Business Continuity Manager
business development director,Business Development Director
business development director,Business Development Director
business development manager,Business Development Manager
business intelligence manager,Business Intelligence Manager
"Business Manager, UK CEO Office",CEO
Business Owner,Owner
campus life manager,Campus Life Manager
campus recreation manager,Campus Recreation Manager
career services manager,Career Services Manager
case management manager,Case Management Manager
catering manager,Catering Manager
CEO - Acrisure London Wholesale,CEO
CEO - Founder,Founder
CEO - MGA,CEO
CEO / Founder,Founder
CEO / Founding Partner,Founding Partner
CEO / Managing Director,CEO
CEO / President,President
CEO & Chief Underwriting Officer,CEO
CEO & Director of Business Development,CEO
CEO & Director of Business Development,CEO
CEO & Founder,Founder
CEO & Managing Partner,Managing Partner
CEO Alchemy Underwriting Ltd.,CEO
CEO Alchemy Underwriting PI,CEO
CEO and Co-Founder,Co-Founder
CEO and co-founder,Co-Founder
CEO and Founding Partner,Founding Partner
CEO and Head of Asset Management Underwriting,CEO
CEO and Owner,Owner
CEO and President,President
CEO at Ventis,CEO
CEO Citadel Risk Group,CEO
CEO Property Services,CEO
"CEO, and Founder",Founder
"CEO, Founding Partner",Founding Partner
CEO/Founder,Founder
CEO/Owner,Owner
CEO/Owner/Co-Founder,Co-Founder
CEO/Owner/Founder,Founder
CFO & Co-Founder,Co-Founder
Chair & Founder/Owner,Founder
chairman,Chairman
change management manager,Change Management Manager
Chevron Digital Core Analytics - Agile Product Owner,Product Owner
Chevron Leadership - Product Owner MidCon Data & & Insights,Product Owner
"Chevron Technology Center: Product Owner, 1) Standard MFO P&IDs, 2) Auto-generated Smart P&IDs",Product Owner
chief academic officer,Chief Academic Officer
chief account management officer,Chief Account Management Officer
chief accounting officer,Chief Accounting Officer
chief acquisition officer,Chief Acquisition Officer
chief actuarial officer,Chief Actuarial Officer
chief administrative officer,Chief Administrative Officer
chief aerospace engineering officer,Chief Aerospace Engineering Officer
chief agile engineering officer,Chief Agile Engineering Officer
chief ai engineering officer,Chief AI Engineering Officer
chief alliances officer,Chief Alliances Officer
chief analytics engineering officer,Chief Analytics Engineering Officer
chief analytics officer,Chief Analytics Officer
chief applications engineering officer,Chief Applications Engineering Officer
chief applications officer,Chief Applications Officer
chief artificial intelligence officer,Chief Artificial Intelligence Officer
chief audit executive,Chief Audit Executive
chief augmented reality officer,Chief Augmented Reality Officer
chief automation engineering officer,Chief Automation Engineering Officer
chief automation officer,Chief Automation Officer
chief benefits officer,Chief Benefits Officer
chief biomedical engineering officer,Chief Biomedical Engineering Officer
chief biostatistics officer,Chief Biostatistics Officer
chief blockchain officer,Chief Blockchain Officer
chief brand marketing officer,Chief Brand Marketing Officer
chief brand officer,Chief Brand Officer
chief business development officer,Chief Business Development Officer
chief business operations officer,Chief Business Operations Officer
chief career development officer,Chief Career Development Officer
chief channel officer,Chief Channel Officer
chief chemical engineering officer,Chief Chemical Engineering Officer
chief civil engineering officer,Chief Civil Engineering Officer
chief claims officer,Chief Claims Officer
chief client services officer,Chief Client Services Officer
chief clinical development officer,Chief Clinical Development Officer
chief clinical officer,Chief Clinical Officer
chief clinical operations officer,Chief Clinical Operations Officer
chief clinical research officer,Chief Clinical Research Officer
chief cloud engineering officer,Chief Cloud Engineering Officer
chief cloud officer,Chief Cloud Officer
chief commercial officer,Chief Commercial Officer
chief communications officer,Chief Communications Officer
chief community engagement officer,Chief Community Engagement Officer
chief community officer,Chief Community Officer
chief compensation officer,Chief Compensation Officer
chief compliance officer,Chief Compliance Officer
chief consumer officer,Chief Consumer Officer
chief content marketing officer,Chief Content Marketing Officer
chief content officer,Chief Content Officer
chief continuous improvement officer,Chief Continuous Improvement Officer
chief contracts officer,Chief Contracts Officer
chief corporate affairs officer,Chief Corporate Affairs Officer
chief corporate communications officer,Chief Corporate Communications Officer
chief corporate development officer,Chief Corporate Development Officer
chief creative officer,Chief Creative Officer
chief culture officer,Chief Culture Officer
chief customer advocacy officer,Chief Customer Advocacy Officer
chief customer experience officer,Chief Customer Experience Officer
chief customer insights officer,Chief Customer Insights Officer
chief customer intelligence officer,Chief Customer Intelligence Officer
chief customer loyalty officer,Chief Customer Loyalty Officer
chief customer officer,Chief Customer Officer
chief customer operations officer,Chief Customer Operations Officer
chief customer retention officer,Chief Customer Retention Officer
chief customer success officer,Chief Customer Success Officer
chief customer success officer,Chief Customer Success Officer
chief customer support officer,Chief Customer Support Officer
chief data engineering officer,Chief Data Engineering Officer
chief data officer,Chief Data Officer
chief database officer,Chief Database Officer
chief deal desk officer,Chief Deal Desk Officer
chief deal officer,Chief Deal Officer
chief demand generation officer,Chief Demand Generation Officer
chief demand planning officer,Chief Demand Planning Officer
chief design engineering officer,Chief Design Engineering Officer
chief design officer,Chief Design Officer
chief development officer,Chief Development Officer
chief devops engineering officer,Chief DevOps Engineering Officer
chief devops officer,Chief DevOps Officer
chief digital engineering officer,Chief Digital Engineering Officer
chief digital health officer,Chief Digital Health Officer
chief digital marketing officer,Chief Digital Marketing Officer
chief digital officer,Chief Digital Officer
chief digital transformation officer,Chief Digital Transformation Officer
chief digital workplace officer,Chief Digital Workplace Officer
chief distribution officer,Chief Distribution Officer
chief distribution operations officer,Chief Distribution Operations Officer
chief diversity officer,Chief Diversity Officer
chief ecosystem officer,Chief Ecosystem Officer
chief electrical engineering officer,Chief Electrical Engineering Officer
chief emergency management officer,Chief Emergency Management Officer
chief employee engagement officer,Chief Employee Engagement Officer
chief employee experience officer,Chief Employee Experience Officer
chief employee relations officer,Chief Employee Relations Officer
chief engagement officer,Chief Engagement Officer
chief engineering officer,Chief Engineering Officer
chief enterprise architecture officer,Chief Enterprise Architecture Officer
chief environmental engineering officer,Chief Environmental Engineering Officer
chief environmental officer,Chief Environmental Officer
chief ethics officer,Chief Ethics Officer
chief executive officer,CEO
Chief Executive Officer and Owner,Owner
Chief Executive Officer and Sustainability Officer,CEO
"Chief Executive Officer, Active Underwriter",CEO
chief experience officer,Chief Experience Officer
chief facilities operations officer,Chief Facilities Operations Officer
chief facility management officer,Chief Facility Management Officer
chief field marketing officer,Chief Field Marketing Officer
chief field operations officer,Chief Field Operations Officer
chief field operations officer,Chief Field Operations Officer
chief field support officer,Chief Field Support Officer
Chief Finance and Operating Officer,COO
chief financial officer,CFO
chief fleet management officer,Chief Fleet Management Officer
chief flexibility officer,Chief Flexibility Officer
chief forecasting officer,Chief Forecasting Officer
chief global supply chain officer,Chief Global Supply Chain Officer
chief governance officer,Chief Governance Officer
chief government relations officer,Chief Government Relations Officer
chief growth officer,Chief Growth Officer
chief hardware engineering officer,Chief Hardware Engineering Officer
chief health and safety officer,Chief Health and Safety Officer
chief health equity officer,Chief Health Equity Officer
chief health information officer,Chief Health Information Officer
chief health officer,Chief Health Officer
chief healthcare transformation officer,Chief Healthcare Transformation Officer
chief human capital officer,Chief Human Capital Officer
chief human resources officer,Chief Human Resources Officer
chief incentives officer,Chief Incentives Officer
chief inclusion officer,Chief Inclusion Officer
chief industrial engineering officer,Chief Industrial Engineering Officer
chief information officer,Chief Information Officer
chief information security officer,Chief Information Security Officer
chief infrastructure engineering officer,Chief Infrastructure Engineering Officer
chief infrastructure officer,Chief Infrastructure Officer
chief innovation officer,Chief Innovation Officer
chief integration engineering officer,Chief Integration Engineering Officer
chief integration officer,Chief Integration Officer
chief internet of things officer,Chief Internet of Things Officer
chief inventory officer,Chief Inventory Officer
chief investment officer,Chief Investment Officer
chief investor relations officer,Chief Investor Relations Officer
chief it operations officer,Chief IT Operations Officer
chief labor and employee relations officer,Chief Labor and Employee Relations Officer
chief labor relations officer,Chief Labor Relations Officer
chief leadership development officer,Chief Leadership Development Officer
chief lean engineering officer,Chief Lean Engineering Officer
chief lean officer,Chief Lean Officer
chief learning and development officer,Chief Learning and Development Officer
chief learning officer,Chief Learning Officer
chief legal officer,Chief Legal Officer
chief logistics officer,Chief Logistics Officer
chief logistics operations officer,Chief Logistics Operations Officer
chief loyalty officer,Chief Loyalty Officer
chief machine learning officer,Chief Machine Learning Officer
chief maintenance engineering officer,Chief Maintenance Engineering Officer
chief maintenance officer,Chief Maintenance Officer
chief managed care officer,Chief Managed Care Officer
chief manufacturing engineering officer,Chief Manufacturing Engineering Officer
chief manufacturing officer,Chief Manufacturing Officer
chief manufacturing officer,Chief Manufacturing Officer
chief manufacturing operations officer,Chief Manufacturing Operations Officer
chief marketing officer,Chief Marketing Officer
chief material handling officer,Chief Material Handling Officer
chief mechanical engineering officer,Chief Mechanical Engineering Officer
chief media relations officer,Chief Media Relations Officer
chief medical affairs officer,Chief Medical Affairs Officer
chief medical informatics officer,Chief Medical Informatics Officer
chief medical officer,Chief Medical Officer
chief merchandising officer,Chief Merchandising Officer
chief ml engineering officer,Chief ML Engineering Officer
chief network engineering officer,Chief Network Engineering Officer
chief network officer,Chief Network Officer
chief network operations officer,Chief Network Operations Officer
chief nursing officer,Chief Nursing Officer
chief onboarding officer,Chief Onboarding Officer
chief operating officer,COO
chief operating officer,Chief Operating Officer
Chief Operating Officer & Partner,COO
Chief Operating Officer & Partner,COO
Chief Operating Officer and Managing Director Pharmacy Insurance,COO
"Chief Operating Officer for France, Spain, Germany & Italy",COO
Chief Operating Officer/Strategic Business Analytics,COO
chief operational excellence officer,Chief Operational Excellence Officer
chief operations officer,Chief Operations Officer
chief opportunity management officer,Chief Opportunity Management Officer
chief organizational development officer,Chief Organizational Development Officer
chief organizational effectiveness officer,Chief Organizational Effectiveness Officer
chief partner officer,Chief Partner Officer
chief partner success officer,Chief Partner Success Officer
chief partner support officer,Chief Partner Support Officer
chief payroll officer,Chief Payroll Officer
chief people officer,Chief People Officer
chief performance marketing officer,Chief Performance Marketing Officer
chief performance officer,Chief Performance Officer
chief pharmacy officer,Chief Pharmacy Officer
chief pharmacy operations officer,Chief Pharmacy Operations Officer
chief philanthropy officer,Chief Philanthropy Officer
chief physical security officer,Chief Physical Security Officer
chief pipeline officer,Chief Pipeline Officer
chief platform officer,Chief Platform Officer
chief policy officer,Chief Policy Officer
chief population health management officer,Chief Population Health Management Officer
chief population health officer,Chief Population Health Officer
chief pricing officer,Chief Pricing Officer
chief privacy officer,Chief Privacy Officer
chief process engineering officer,Chief Process Engineering Officer
chief procurement officer,Chief Procurement Officer
chief procurement officer,Chief Procurement Officer
chief product engineering officer,Chief Product Engineering Officer
chief product marketing officer,Chief Product Marketing Officer
chief product officer,Chief Product Officer
chief product operations officer,Chief Product Operations Officer
chief production officer,Chief Production Officer
chief production officer,Chief Production Officer
chief professional services officer,Chief Professional Services Officer
chief public affairs officer,Chief Public Affairs Officer
chief public relations officer,Chief Public Relations Officer
chief quality management officer,Chief Quality Management Officer
chief quality officer,Chief Quality Officer
chief quality operations officer,Chief Quality Operations Officer
chief quantum computing officer,Chief Quantum Computing Officer
chief recruitment officer,Chief Recruitment Officer
chief regulatory affairs officer,Chief Regulatory Affairs Officer
chief relationship management officer,Chief Relationship Management Officer
chief reliability engineering officer,Chief Reliability Engineering Officer
chief remote work officer,Chief Remote Work Officer
chief remote workforce officer,Chief Remote Workforce Officer
chief research officer,Chief Research Officer
chief retention officer,Chief Retention Officer
chief revenue integrity officer,Chief Revenue Integrity Officer
chief revenue officer,Chief Revenue Officer
chief risk officer,Chief Risk Officer
chief robotics engineering officer,Chief Robotics Engineering Officer
chief robotics officer,Chief Robotics Officer
chief safety engineering officer,Chief Safety Engineering Officer
chief safety officer,Chief Safety Officer
chief safety operations officer,Chief Safety Operations Officer
chief sales and operations planning officer,Chief Sales and Operations Planning Officer
chief sales development officer,Chief Sales Development Officer
chief sales enablement officer,Chief Sales Enablement Officer
chief sales officer,Chief Sales Officer
chief sales productivity officer,Chief Sales Productivity Officer
chief scientific computing officer,Chief Scientific Computing Officer
chief scientific officer,Chief Scientific Officer
chief security officer,Chief Security Officer
chief security operations officer,Chief Security Operations Officer
chief service delivery officer,Chief Service Delivery Officer
chief service delivery officer,Chief Service Delivery Officer
chief service design officer,Chief Service Design Officer
chief service engineering officer,Chief Service Engineering Officer
chief service innovation officer,Chief Service Innovation Officer
chief service integration officer,Chief Service Integration Officer
chief service operations officer,Chief Service Operations Officer
chief service operations officer,Chief Service Operations Officer
chief service performance officer,Chief Service Performance Officer
chief service quality officer,Chief Service Quality Officer
chief service strategy officer,Chief Service Strategy Officer
chief service transformation officer,Chief Service Transformation Officer
chief services officer,Chief Services Officer
chief six sigma officer,Chief Six Sigma Officer
chief smart cities officer,Chief Smart Cities Officer
chief social responsibility officer,Chief Social Responsibility Officer
chief software engineering officer,Chief Software Engineering Officer
chief software officer,Chief Software Officer
chief solution officer,Chief Solution Officer
chief solutions engineering officer,Chief Solutions Engineering Officer
chief sourcing officer,Chief Sourcing Officer
chief space management officer,Chief Space Management Officer
chief strategy officer,Chief Strategy Officer
chief structural engineering officer,Chief Structural Engineering Officer
chief succession planning officer,Chief Succession Planning Officer
chief supply chain officer,Chief Supply Chain Officer
chief supply chain officer,Chief Supply Chain Officer
chief supply chain operations officer,Chief Supply Chain Operations Officer
chief supply planning officer,Chief Supply Planning Officer
chief support officer,Chief Support Officer
chief sustainability officer,Chief Sustainability Officer
chief systems engineering officer,Chief Systems Engineering Officer
chief systems officer,Chief Systems Officer
chief talent acquisition officer,Chief Talent Acquisition Officer
chief talent officer,Chief Talent Officer
chief technical officer,Chief Technical Officer
chief technical operations officer,Chief Technical Operations Officer
chief technical support officer,Chief Technical Support Officer
chief technology innovation officer,Chief Technology Innovation Officer
chief technology officer,Chief Technology Officer
chief territory officer,Chief Territory Officer
chief test engineering officer,Chief Test Engineering Officer
chief total rewards officer,Chief Total Rewards Officer
chief transportation officer,Chief Transportation Officer
chief transportation operations officer,Chief Transportation Operations Officer
chief ui engineering officer,Chief UI Engineering Officer
chief underwriting officer,Chief Underwriting Officer
chief user experience officer,Chief User Experience Officer
chief user interface officer,Chief User Interface Officer
chief utilization officer,Chief Utilization Officer
chief ux engineering officer,Chief UX Engineering Officer
chief virtual reality officer,Chief Virtual Reality Officer
chief warehouse officer,Chief Warehouse Officer
chief wellness officer,Chief Wellness Officer
chief work-life balance officer,Chief Work-Life Balance Officer
chief workforce diversity officer,Chief Workforce Diversity Officer
chief workforce planning officer,Chief Workforce Planning Officer
chief workplace experience officer,Chief Workplace Experience Officer
claims management manager,Claims Management Manager
clearing services manager,Clearing Services Manager
client services director,Client Services Director
client services director,Client Services Director
client services manager,Client Services Manager
clinical operations manager,Clinical Operations Manager
clinical research manager,Clinical Research Manager
cloud services manager,Cloud Services Manager
CMO / Director of Marketing,CMO
Co Founder & CTO,Co-Founder
Co Founder/Director,Co-Founder
"Co Owner, Director",Co-Owner
"Co Owner, Founder, Director",Founder
"Co Owner, Managing Member",Co-Owner
Co-CEO,CEO
co-founder,Co-Founder
Co-Founder / Managing Director,Co-Founder
Co-Founder / Operations Director,Co-Founder
Co-Founder & Actuarial Director,Co-Founder
Co-Founder & Actuarial Director,Co-Founder
Co-Founder & CEO,Co-Founder
Co-Founder & Chief Operating Officer,Co-Founder
Co-founder & CPO,Co-Founder
Co-founder & CTO,Co-Founder
Co-Founder & CTO,Co-Founder
Co-Founder & Director X,Co-Founder
Co-Founder & Innovation Director,Co-Founder
Co-Founder & Managing Director,Co-Founder
Co-Founder & Mortgage Adviser,Co-Founder
Co-Founder & Operations Director,Co-Founder
Co-Founder & Operations Director,Co-Founder
Co-Founder | CEO,Co-Founder
Co-Founder | Founding Partner,Co-Founder
Co-Founder and CEO,Co-Founder
Co-Founder and Chief Marketing Officer,Co-Founder
Co-Founder and Chief Marketing Officer,Co-Founder
Co-Founder and Chief Underwriting Officer,Co-Founder
Co-founder and CPTO,Co-Founder
Co-Founder and CUO,Co-Founder
Co-Founder and CUO at Amphitrite Underwriting Limited,Co-Founder
Co-founder and Director,Co-Founder
Co-founder and Head of Underwriting,Co-Founder
"Co-Founder, Chief Underwriting Officer",Co-Founder
"Co-Founder, President",Co-Founder
"Co-Founder, Vice President, and Treasurer",Co-Founder
Co-Founder/Head Of Operations,Co-Founder
co-owner,Co-Owner
Co-Owner / Director of Operations,Co-Owner
Co-Owner / Manager,Co-Owner
Co-owner Oilfield Equipment Company,Co-Owner
"Co-Owner, Vice President",Co-Owner
Cofounder and COO,Co-Founder
Cofounder and COO,Co-Founder
"Cofounder, CEO",Co-Founder
collections management manager,Collections Management Manager
Commercial COO,COO
commercial director,Commercial Director
commodity research manager,Commodity Research Manager
communications director,Communications Director
communications director,Communications Director
communications manager,Communications Manager
community engagement manager,Community Engagement Manager
community health manager,Community Health Manager
community relations manager,Community Relations Manager
Company Director,Director
Company Owner,Owner
compensation and benefits director,Compensation And Benefits Director
compensation and benefits director,Compensation And Benefits Director
compensation and benefits manager,Compensation and Benefits Manager
competitive intelligence manager,Competitive Intelligence Manager
Competitive Performance Product Owner and Deployment Lead,
compliance analytics manager,Compliance Analytics Manager
compliance director,Compliance Director
compliance director,Compliance Director
compliance manager,Compliance Manager
construction manager,Construction Manager
Consultant/owner,Owner
content marketing director,Content Marketing Director
content marketing director,Content Marketing Director
content marketing manager,Content Marketing Manager
content strategy manager,Content Strategy Manager
continuous improvement manager,Continuous Improvement Manager
contract management manager,Contract Management Manager
Contract Owner,Owner
Contract Owner,Contract Owner
convention services manager,Convention Services Manager
COO / Co-Founder,Co-Founder
COO / President,COO
COO & In-House Counsel,COO
COO | Manager of Operations,COO
COO and Founding Partner,Founding Partner
COO and Manager of Sales,COO
"COO, Director of Legal",COO
"COO, Director of Marketing",COO
corporate actions manager,Corporate Actions Manager
corporate development director,Corporate Development Director
corporate development director,Corporate Development Director
corporate development manager,Corporate Development Manager
corporate finance manager,Corporate Finance Manager
corporate responsibility manager,Corporate Responsibility Manager
corporate social responsibility director,Corporate Social Responsibility Director
corporate social responsibility director,Corporate Social Responsibility Director
corporate social responsibility manager,Corporate Social Responsibility Manager
creative director,Creative Director
creative services director,Creative Services Director
creative services director,Creative Services Director
creative services manager,Creative Services Manager
credit analytics manager,Credit Analytics Manager
crisis management director,Crisis Management Director
crisis management director,Crisis Management Director
crisis management manager,Crisis Management Manager
crm manager,CRM Manager
CTO / Director of Communications,CTO
CTO & Co-founder,Co-Founder
CTO | Director of Product Development,CTO
CTO | Manager of IT,CTO
CTO and Director of Engineering,CTO
CUO / Co-Founder,Co-Founder
CUO / Director of Operations,CUO
CUO & Founder,Founder
CUO & Manager of IT,CUO
CUO & President,President
CUO | Manager of Product Development,CUO
CUO and Director X,CUO
CUO and Manager of Finance,CUO
"CUO, Co-Founder",Co-Founder
curatorial affairs manager,Curatorial Affairs Manager
custody services manager,Custody Services Manager
customer analytics manager,Customer Analytics Manager
customer experience manager,Customer Experience Manager
customer service director,Customer Service Director
customer service director,Customer Service Director
customer service manager,Customer Service Manager
Customer Success Director and Manager,Customer Success Director
cyber-physical systems manager,Cyber-Physical Systems Manager
cybersecurity manager,Cybersecurity Manager
data analytics manager,Data Analytics Manager
data integration manager,Data Integration Manager
data science director,Data Science Director
data science director,Data Science Director
data science manager,Data Science Manager
data security manager,Data Security Manager
data visualization manager,Data Visualization Manager
data warehousing manager,Data Warehousing Manager
database administration manager,Database Administration Manager
design director,Design Director
design director,Design Director
design manager,Design Manager
development manager,Development Manager
devops manager,DevOps Manager
digital marketing director,Digital Marketing Director
digital marketing director,Digital Marketing Director
digital marketing manager,Digital Marketing Manager
Digital Oilfield Program Manager/Product Owner,Product Owner
Digital Product Owner/WIT Performance Enginee,Product Owner
digital strategy manager,Digital Strategy Manager
Digital Twin Product Owner and Smart Facilities Manager,Product Owner
Director,Director
Director and Founder,Founder
Director and Founder of new Lloyd's Brokers,Founder
Director at 24|7 Home Rescue & CEO,CEO
Director at iam|INSURED Online and CoFounder,Co-Founder
director of academic advising,Director of Academic Advising
director of academic affairs,Director of Academic Affairs
director of accounting,Director of Accounting
director of actuarial services,Director of Actuarial Services
director of admissions,Director of Admissions
director of agile,Director of Agile
director of ai,Director of AI
director of alumni relations,Director of Alumni Relations
director of analytics,Director of Analytics
director of animation,Director of Animation
director of application development,Director of Application Development
director of ar/vr,Director of AR & VR
director of architecture,Director of Architecture
director of art education,Director of Art Education
director of arts and culture,Director of Arts and Culture
director of asset allocation,Director of Asset Allocation
director of asset management,Director of Asset Management
director of athletic training,Director of Athletic Training
director of athletics,Director of Athletics
director of automation,Director of Automation
director of behavioral health,Director of Behavioral Health
director of benefits administration,Director of Benefits Administration
director of bi,Director of BI
director of big data,Director of Big Data
director of bioinformatics,Director of Bioinformatics
director of biostatistics,Director of Biostatistics
director of blockchain,Director of Blockchain
director of brand management,Director of Brand Management
director of broadcasting,Director of Broadcasting
director of brokerage,Director of Brokerage
director of budgeting,Director of Budgeting
director of business analytics,Director of Business Analytics
director of business continuity,Director of Business Continuity
director of business development,Director of Business Development
director of business intelligence,Director of Business Intelligence
director of campus life,Director of Campus Life
director of campus recreation,Director of Campus Recreation
director of career services,Director of Career Services
director of case management,Director of Case Management
director of catering,Director of Catering
director of change management,Director of Change Management
director of claims management,Director of Claims Management
director of clearing services,Director of Clearing Services
director of client services,Director of Client Services
director of clinical operations,Director of Clinical Operations
director of clinical research,Director of Clinical Research
director of cloud services,Director of Cloud Services
director of collections management,Director of Collections Management
director of commodity research,Director of Commodity Research
director of communications,Director of Communications
Director of Communications : CTO,CTO
Director of Communications | Manager of Supply Chain,Director of Communications
director of community engagement,Director of Community Engagement
director of community health,Director of Community Health
director of community relations,Director of Community Relations
director of compensation and benefits,Director of Compensation and Benefits
director of competitive intelligence,Director of Competitive Intelligence
director of compliance,Director of Compliance
director of compliance analytics,Director of Compliance Analytics
director of construction,Director of Construction
director of content marketing,Director of Content Marketing
director of content strategy,Director of Content Strategy
director of continuous improvement,Director of Continuous Improvement
director of contract management,Director of Contract Management
director of convention services,Director of Convention Services
director of corporate actions,Director of Corporate Actions
director of corporate development,Director of Corporate Development
director of corporate finance,Director of Corporate Finance
director of corporate responsibility,Director of Corporate Responsibility
director of corporate social responsibility,Director of Corporate Social Responsibility
director of creative services,Director of Creative Services
director of credit analytics,Director of Credit Analytics
director of crisis management,Director of Crisis Management
director of crm,Director of CRM
director of curatorial affairs,Director of Curatorial Affairs
director of custody services,Director of Custody Services
director of customer analytics,Director of Customer Analytics
director of customer experience,Director of Customer Experience
director of customer service,Director of Customer Service
director of cyber-physical systems,Director of Cyber-Physical Systems
director of cybersecurity,Director of Cybersecurity
director of data analytics,Director of Data Analytics
director of data integration,Director of Data Integration
director of data science,Director of Data Science
director of data security,Director of Data Security
director of data visualization,Director of Data Visualization
director of data warehousing,Director of Data Warehousing
director of database administration,Director of Database Administration
director of design,Director of Design
director of development,Director of Development
director of devops,Director of DevOps
director of digital marketing,Director of Digital Marketing
director of digital strategy,Director of Digital Strategy
director of disaster recovery,Director of Disaster Recovery
director of distribution,Director of Distribution
director of diversity and inclusion,Director of Diversity and Inclusion
director of e-commerce,Director of E-commerce
director of eBusiness,Director of e-Business
director of editorial services,Director of Editorial Services
director of embedded systems,Director of Embedded Systems
director of employee relations,Director of Employee Relations
director of energy management,Director of Energy Management
director of engineering,Director of Engineering
Director of Engineering and Manager of R&D,Director of Engineering
director of engineering services,Director of Engineering Services
director of enrollment management,Director of Enrollment Management
director of enterprise architecture,Director of Enterprise Architecture
director of enterprise solutions,Director of Enterprise Solutions
director of environmental health and safety,Director of Environmental Health and Safety
director of environmental services,Director of Environmental Services
director of environmental sustainability,Director of Environmental Sustainability
director of equipment operations,Director of Equipment Operations
director of equity research,Director of Equity Research
director of erp,Director of ERP
director of esg research,Director of ESG Research
director of ethical hacking,Director of Ethical Hacking
director of etl,Director of ETL
director of event planning,Director of Event Planning
director of exhibition design,Director of Exhibition Design
director of facilities,Director of Facilities
director of facilities management,Director of Facilities Management
director of facilities operations,Director of Facilities Operations
director of family programs,Director of Family Programs
director of fan engagement,Director of Fan Engagement
director of finance,Director of Finance
Director of Finance - COO,COO
Director of Finance & COO,COO
Director of Finance & Manager of Customer Service,Director of Finance
director of financial aid,Director of Financial Aid
director of financial analytics,Director of Financial Analytics
director of financial planning and analysis,Director of Financial Planning and Analysis
director of financial reporting,Director of Financial Reporting
director of fitness,Director of Fitness
director of fixed income research,Director of Fixed Income Research
director of food and beverage,Director of Food and Beverage
director of fraud analytics,Director of Fraud Analytics
director of freight,Director of Freight
director of fund accounting,Director of Fund Accounting
director of fund accounting,Director of Fund Accounting
director of fund accounting,Director of Fund Accounting
director of fund administration,Director of Fund Administration
director of fund administration,Director of Fund Administration
director of fund audit,Director of Fund Audit
director of fund audit,Director of Fund Audit
director of fund compliance,Director of Fund Compliance
director of fund compliance,Director of Fund Compliance
director of fund compliance,Director of Fund Compliance
director of fund development,Director of Fund Development
director of fund distribution,Director of Fund Distribution
director of fund finance,Director of Fund Finance
director of fund finance,Director of Fund Finance
director of fund governance,Director of Fund Governance
director of fund governance,Director of Fund Governance
director of fund innovation,Director of Fund Innovation
director of fund legal,Director of Fund Legal
director of fund legal,Director of Fund Legal
director of fund marketing,Director of Fund Marketing
director of fund operations,Director of Fund Operations
director of fund operations,Director of Fund Operations
director of fund operations,Director of Fund Operations
director of fund reporting,Director of Fund Reporting
director of fund reporting,Director of Fund Reporting
director of fund risk,Director of Fund Risk
director of fund risk,Director of Fund Risk
director of fund sales,Director of Fund Sales
director of fund services,Director of Fund Services
director of fund services,Director of Fund Services
director of fund services,Director of Fund Services
director of fund strategy,Director of Fund Strategy
director of fund tax,Director of Fund Tax
director of fund tax,Director of Fund Tax
director of fund technology,Director of Fund Technology
director of fund technology,Director of Fund Technology
director of fund transformation,Director of Fund Transformation
director of fund transformation,Director of Fund Transformation
director of fundraising,Director of Fundraising
director of game design,Director of Game Design
director of global health,Director of Global Health
director of government affairs,Director of Government Affairs
director of government contracts,Director of Government Contracts
director of grant management,Director of Grant Management
director of graphic design,Director of Graphic Design
director of guest services,Director of Guest Services
director of hardware engineering,Director of Hardware Engineering
director of health and safety,Director of Health and Safety
director of health economics,Director of Health Economics
director of health informatics,Director of Health Informatics
director of health information management,Director of Health Information Management
director of health plan operations,Director of Health Plan Operations
director of health policy,Director of Health Policy
director of health promotion,Director of Health Promotion
director of healthcare analytics,Director of Healthcare Analytics
director of hedge funds,Director of Hedge Funds
director of home health,Director of Home Health
director of hospice,Director of Hospice
director of hospitality,Director of Hospitality
director of hotel operations,Director of Hotel Operations
director of housekeeping,Director of Housekeeping
director of hr analytics,Director of HR Analytics
director of hris,Director of HRIS
director of human resources,Director of Human Resources
Director of IT and Manager of Support,Director of IT
director of impact investing,Director of Impact Investing
director of import/export,Director of Import & Export
director of incident response,Director of Incident Response
director of industrial engineering,Director of Industrial Engineering
director of information assurance,Director of Information Assurance
director of information technology,Director of Information Technology
director of innovation,Director of Innovation
director of insurance analytics,Director of Insurance Analytics
director of interactive media,Director of Interactive Media
director of internal audit,Director of Internal Audit
director of international programs,Director of International Programs
director of intramural sports,Director of Intramural Sports
director of inventory management,Director of Inventory Management
director of investment management,Director of Investment Management
director of investor relations,Director of Investor Relations
director of investor relations,Director of Investor Relations
director of investor relations,Director of Investor Relations
director of iot,Director of IoT
director of it architecture,Director of IT Architecture
director of it audit,Director of IT Audit
director of it compliance,Director of IT Compliance
director of it compliance,Director of IT Compliance
director of it governance,Director of IT Governance
director of it governance,Director of IT Governance
director of it infrastructure,Director of IT Infrastructure
director of it operations,Director of IT Operations
director of it risk,Director of IT Risk
director of it security,Director of IT Security
director of it service management,Director of IT Service Management
director of it strategy,Director of IT Strategy
director of journalism,Director of Journalism
director of kanban,Director of Kanban
director of lab operations,Director of Lab Operations
director of landscape architecture,Director of Landscape Architecture
director of lean manufacturing,Director of Lean Manufacturing
director of learning and development,Director of Learning and Development
director of leasing,Director of Leasing
Director of Legal / Manager of Operations,Director of Legal
Director of Legal & CTO,CTO
Director of Legal | CMO,CMO
director of legal affairs,Director of Legal Affairs
director of lms,Director of LMS
director of logistics,Director of Logistics
director of logistics analytics,Director of Logistics Analytics
director of machine learning,Director of Machine Learning
director of maintenance,Director of Maintenance
director of maintenance engineering,Director of Maintenance Engineering
director of maintenance management,Director of Maintenance Management
director of managed care,Director of Managed Care
director of manufacturing,Director of Manufacturing
director of manufacturing analytics,Director of Manufacturing Analytics
director of manufacturing engineering,Director of Manufacturing Engineering
director of market research,Director of Market Research
director of marketing,Director of Marketing
director of marketing analytics,Director of Marketing Analytics
"Director of Marketing, CMO",CMO
"Director of Marketing, Manager of Sales",Director of Marketing
director of marketing&exports,Director of Marketing & Exports
director of materials management,Director of Materials Management
director of media relations,Director of Media Relations
director of medical affairs,Director of Medical Affairs
director of medical billing,Director of Medical Billing
director of medical coding,Director of Medical Coding
director of medical records,Director of Medical Records
director of mobile development,Director of Mobile Development
director of multimedia,Director of Multimedia
director of museum operations,Director of Museum Operations
director of network engineering,Director of Network Engineering
director of network security,Director of Network Security
director of nursing,Director of Nursing
director of nutrition,Director of Nutrition
director of operational excellence,Director of Operational Excellence
director of operations,Director of Operations
Director of Operations - CMO,CMO
Director of Operations / Founder,Founder
Director of Operations & Founder,Founder
director of operations analytics,Director of Operations Analytics
director of organizational development,Director of Organizational Development
director of partnerships,Director of Partnerships
director of patient safety,Director of Patient Safety
director of pension services,Director of Pension Services
director of performance management,Director of Performance Management
director of performing arts,Director of Performing Arts
director of pharmacovigilance,Director of Pharmacovigilance
director of pharmacy,Director of Pharmacy
director of philanthropy,Director of Philanthropy
director of photography,Director of Photography
director of planning,Director of Planning
director of pmo,Director of PMO
director of population health,Director of Population Health
director of portfolio analysis,Director of Portfolio Analysis
director of portfolio management,Director of Portfolio Management
director of predictive analytics,Director of Predictive Analytics
director of prescriptive analytics,Director of Prescriptive Analytics
director of private equity,Director of Private Equity
director of process engineering,Director of Process Engineering
director of procurement,Director of Procurement
Director of Product and Project Manager,Director of Product
director of product development,Director of Product Development
director of product management,Director of Product Management
director of product marketing,Director of Product Marketing
director of product safety,Director of Product Safety
"Director of Product, CUO",CUO
director of production,Director of Production
director of program management,Director of Program Management
director of project management,Director of Project Management
director of property management,Director of Property Management
director of provider relations,Director of Provider Relations
director of proxy voting,Director of Proxy Voting
director of public health,Director of Public Health
director of public programs,Director of Public Programs
director of public relations,Director of Public Relations
director of publishing,Director of Publishing
director of quality analytics,Director of Quality Analytics
director of quality assurance,Director of Quality Assurance
director of quality control,Director of Quality Control
director of quality management,Director of Quality Management
director of quantitative analysis,Director of Quantitative Analysis
director of quantum computing,Director of Quantum Computing
director of radiology,Director of Radiology
director of real estate,Director of Real Estate
director of real estate research,Director of Real Estate Research
director of recreational sports,Director of Recreational Sports
director of regulatory affairs,Director of Regulatory Affairs
director of regulatory compliance,Director of Regulatory Compliance
director of rehabilitation,Director of Rehabilitation
director of reinsurance,Director of Reinsurance
director of reliability engineering,Director of Reliability Engineering
director of renewable energy,Director of Renewable Energy
director of research,Director of Research
Director of Research and Lab Manager,Director of Research
director of research development,Director of Research Development
director of residence life,Director of Residence Life
director of restaurant operations,Director of Restaurant Operations
director of revenue cycle management,Director of Revenue Cycle Management
director of revenue management,Director of Revenue Management
director of risk analytics,Director of Risk Analytics
director of risk management,Director of Risk Management
director of robotics,Director of Robotics
director of safe,Director of SAFe
director of safety and risk management,Director of Safety and Risk Management
director of sales,Director of Sales
director of sales analytics,Director of Sales Analytics
director of sales operations,Director of Sales Operations
director of scheduling,Director of Scheduling
director of scm,Director of SCM
director of scrum,Director of Scrum
director of security,Director of Security
director of senior programs,Director of Senior Programs
director of service delivery,Director of Service Delivery
director of settlement services,Director of Settlement Services
director of shareholder services,Director of Shareholder Services
director of six sigma,Director of Six Sigma
director of social media,Director of Social Media
director of social services,Director of Social Services
director of software development,Director of Software Development
director of software engineering,Director of Software Engineering
director of sourcing,Director of Sourcing
director of spa operations,Director of Spa Operations
director of special events,Director of Special Events
director of sports information,Director of Sports Information
director of sports marketing,Director of Sports Marketing
director of sports medicine,Director of Sports Medicine
director of strategic planning,Director of Strategic Planning
director of strategy,Director of Strategy
director of student activities,Director of Student Activities
director of student affairs,Director of Student Affairs
director of study abroad,Director of Study Abroad
director of supply chain analytics,Director of Supply Chain Analytics
director of supply chain management,Director of Supply Chain Management
director of supply chain operations,Director of Supply Chain Operations
director of sustainability,Director of Sustainability
director of sustainable investing,Director of Sustainable Investing
director of systems integration,Director of Systems Integration
director of talent acquisition,Director of Talent Acquisition
director of tax,Director of Tax
director of technical support,Director of Technical Support
director of telehealth,Director of Telehealth
director of ticket sales,Director of Ticket Sales
director of trading,Director of Trading
director of training and development,Director of Training and Development
director of transfer agency,Director of Transfer Agency
director of transportation,Director of Transportation
director of transportation planning,Director of Transportation Planning
director of treasury,Director of Treasury
director of underwriting,Director of Underwriting
director of urban planning,Director of Urban Planning
director of user experience,Director of User Experience
director of utilization management,Director of Utilization Management
director of ux/ui,Director of UX & UI
director of vendor management,Director of Vendor Management
director of venture capital,Director of Venture Capital
director of video production,Director of Video Production
director of visual arts,Director of Visual Arts
director of volunteer services,Director of Volunteer Services
director of warehouse operations,Director of Warehouse Operations
director of waste management,Director of Waste Management
director of water resources,Director of Water Resources
director of wealth management,Director of Wealth Management
director of web analytics,Director of Web Analytics
director of web development,Director of Web Development
director of wellness programs,Director of Wellness Programs
director of youth programs,Director of Youth Programs
Director Relations Representative on behalf of the CEO,Director
Director X / Founder,Founder
Director X & President,President
Director X and Founding Partner,Founding Partner
"Director, HR Planning and Operations",Director of HR Planning and Operations
"director, operations & e-Commerce",Director of Operations & E-Commerce
disaster recovery manager,Disaster Recovery Manager
Distribution Director and Co-Founder,Co-Founder
distribution manager,Distribution Manager
diversity and inclusion director,Diversity And Inclusion Director
diversity and inclusion director,Diversity And Inclusion Director
diversity and inclusion manager,Diversity and Inclusion Manager
e-commerce director,E-Commerce Director
e-commerce director,E-Commerce Director
e-commerce manager,E-commerce Manager
editorial services manager,Editorial Services Manager
embedded systems manager,Embedded Systems Manager
employee relations director,Employee Relations Director
employee relations director,Employee Relations Director
employee relations manager,Employee Relations Manager
energy management manager,Energy Management Manager
Engineer and Welding Program Owner,Program Owner
engineering director,Engineering Director
engineering director,Engineering Director
engineering manager,Engineering Manager
engineering services manager,Engineering Services Manager
enrollment management manager,Enrollment Management Manager
enterprise architecture manager,Enterprise Architecture Manager
enterprise solutions manager,Enterprise Solutions Manager
environmental health and safety manager,Environmental Health and Safety Manager
environmental services manager,Environmental Services Manager
environmental sustainability director,Environmental Sustainability Director
environmental sustainability director,Environmental Sustainability Director
environmental sustainability manager,Environmental Sustainability Manager
equipment operations manager,Equipment Operations Manager
Equipment Owner Refinery & Elements,Equipment Owner
equity research manager,Equity Research Manager
erp manager,ERP Manager
esg research manager,ESG Research Manager
ethical hacking manager,Ethical Hacking Manager
etl manager,ETL Manager
Event Director,Event Director
event planning manager,Event Planning Manager
"Executive Assistant to Owner, Chairman of the Board",Executive Assistant to Owner
Executive Sales Director,Executive Sales Director
exhibition design manager,Exhibition Design Manager
facilities director,Facilities Director
facilities director,Facilities Director
facilities management manager,Facilities Management Manager
facilities manager,Facilities Manager
facilities operations manager,Facilities Operations Manager
family programs manager,Family Programs Manager
fan engagement manager,Fan Engagement Manager
FD & Chief Operating Officer,Founding Director
FGP 3GP System Completions System Owner,System Owner
finance director,Finance Director
finance director,Finance Director
Finance Director and Accounting Manager,Finance Director
finance manager,Finance Manager
financial aid manager,Financial Aid Manager
financial analytics manager,Financial Analytics Manager
financial planning and analysis manager,Financial Planning and Analysis Manager
financial reporting manager,Financial Reporting Manager
fitness manager,Fitness Manager
fixed income research manager,Fixed Income Research Manager
Fleet Maintenance Director,Fleet Maintenance Director
food and beverage manager,Food and Beverage Manager
Former Owner,Former Owner
Formerly Owner of Associates In Psychology & Mental Health,Owner
founder,Founder
Founder - COO,Founder
Founder - Group Chief Underwriting Officer,Founder
Founder - Group Chief Underwriting Officer,Founder
Founder / President,Founder
Founder & CEO,Founder
Founder & Chief Digital Officer,Founder
Founder & Chief Ideas Officer,Founder
Founder & COO,Founder
Founder & Director of Insurance,Founder
"Founder & Editor, Assured Intelligence and Co-founder at Assured",Founder
Founder & Engagement Lead,Founder
Founder & Executive Director,Founder
Founder & Managing Director - M & M Group,Founder
Founder & Non-Executive Director,Founder
Founder & Non-Executive Director,Founder
Founder & Owner,Founder
Founder & Senior Adviser,Founder
Founder | COO,Founder
Founder | President,Founder
Founder and CEO,Founder
Founder and Chairman,Founder
Founder and Chartered Financial Planner,Founder
Founder and Chief Commercial Officer,Founder
Founder and Chief Operating Officer,Founder
Founder and Commercial Director,Founder
Founder and Director of FOMO Mortgages,Founder
Founder and Director of FOMO Mortgages,Founder
Founder and Executive Director,Founder
Founder and Manager Y,Founder
Founder and Managing Director,Founder
Founder and Mortgage Broker,Founder
Founder and Principal Consultant,Founder
Founder and Senior Partner,Founder
Founder and Senior Partner,Founder
Founder at Ballantyne Brokers Limited,Founder
Founder Insurance Broker Innovative Corporate Solutions Niche,Founder
Founder Insurance Broker Innovative Corporate Solutions Niche,Founder
Founder MD @ PORTABL.co | Digital insurance & financial services || Advisor: TURNTABL.io > Remote (Ghana!) software engineering talent on tap >> inspired by the future,Founder
"Founder, CEO",Founder
"Founder, Owner & Managing Director at Leadenhall Insurance Brokers Ltd",Founder
Founder/Director at Vita Risk Solutions,Founder
founding co-shareholder,Co-Owner
Founding Director & CEO,Founding Director
"Founding Director, COO & CTO",Founding Director
founding partner,Founding Partner
Founding Partner / President,Founding Partner
Founding Partner & CEO,Founding Partner
Founding Partner and Managing Director,Founding Partner
Founding Partner and President,Founding Partner
"Founding Partner, President",Founding Partner
fraud analytics manager,Fraud Analytics Manager
freight manager,Freight Manager
fund accounting manager,Fund Accounting Manager
fund administration manager,Fund Administration Manager
fund audit manager,Fund Audit Manager
fund compliance manager,Fund Compliance Manager
fund development manager,Fund Development Manager
fund distribution manager,Fund Distribution Manager
fund finance manager,Fund Finance Manager
fund governance manager,Fund Governance Manager
fund innovation manager,Fund Innovation Manager
fund legal manager,Fund Legal Manager
fund marketing manager,Fund Marketing Manager
fund operations manager,Fund Operations Manager
fund risk manager,Fund Risk Manager
fund sales manager,Fund Sales Manager
fund services manager,Fund Services Manager
fund strategy manager,Fund Strategy Manager
fund tax manager,Fund Tax Manager
fund technology manager,Fund Technology Manager
fund transformation manager,Fund Transformation Manager
fundraising manager,Fundraising Manager
game design manager,Game Design Manager
"Global Advisor & Product Owner, Data and Insights, Commodity Supply Chain",Product Owner
global health manager,Global Health Manager
Global Process Owner,Process Owner
Global Process Owner & Supervisor | Finance Shared Services,Process Owner
government affairs manager,Government Affairs Manager
grant management manager,Grant Management Manager
graphic design manager,Graphic Design Manager
Group CEO,CEO
Group CEO - WillU Financial Group,CEO
Group Chief Executive Officer & Chief Underwriting Officer,CEO
guest services manager,Guest Services Manager
hardware engineering manager,Hardware Engineering Manager
health and safety director,Health And Safety Director
health and safety director,Health And Safety Director
health and safety manager,Health and Safety Manager
health economics manager,Health Economics Manager
health informatics manager,Health Informatics Manager
health information management manager,Health Information Management Manager
health plan operations manager,Health Plan Operations Manager
health policy manager,Health Policy Manager
health promotion manager,Health Promotion Manager
healthcare analytics manager,Healthcare Analytics Manager
hedge fund manager,Hedge Fund Manager
home health manager,Home Health Manager
hospice manager,Hospice Manager
hospitality manager,Hospitality Manager
hotel operations manager,Hotel Operations Manager
housekeeping manager,Housekeeping Manager
hr analytics manager,HR Analytics Manager
HR Business Partner,HR Business Partner
hris manager,HRIS Manager
HSE SCRUM MASTER/AGILE COACH/PRODUCT OWNER,Product Owner
human resources director,Human Resources Director
human resources director,Human Resources Director
Human Resources Director and Manager,Human Resources Director
human resources manager,Human Resources Manager
Hydrogen Product Owner US West Coast - Chevron New Energies,Product Owner
Information Technology Director and IT Manager,Information Technology Director
IT Manager / Product Owner SAP SD - Order Acceptance & Mill Integration,Product Owner
IT Professional - Information Technology Operations Center Product Owner,Product Owner
impact investing manager,Impact Investing Manager
import/export manager,Import/Export Manager
incident response manager,Incident Response Manager
industrial engineering manager,Industrial Engineering Manager
information assurance manager,Information Assurance Manager
information technology director,Information Technology Director
information technology director,Information Technology Director
information technology manager,Information Technology Manager
innovation director,Innovation Director
innovation director,Innovation Director
innovation manager,Innovation Manager
insurance analytics manager,Insurance Analytics Manager
interactive media manager,Interactive Media Manager
internal audit manager,Internal Audit Manager
international programs manager,International Programs Manager
intramural sports manager,Intramural Sports Manager
inventory management manager,Inventory Management Manager
investment management manager,Investment Management Manager
investor relations manager,Investor Relations Manager
investor relations manager,Investor Relations Manager
iot manager,IoT Manager
it architecture manager,IT Architecture Manager
it audit manager,IT Audit Manager
it compliance manager,IT Compliance Manager
it compliance manager,IT Compliance Manager
it governance manager,IT Governance Manager
it governance manager,IT Governance Manager
it infrastructure manager,IT Infrastructure Manager
it operations manager,IT Operations Manager
it risk manager,IT Risk Manager
it security manager,IT Security Manager
it service management manager,IT Service Management Manager
it strategy manager,IT Strategy Manager
journalism manager,Journalism Manager
kanban manager,Kanban Manager
lab operations manager,Lab Operations Manager
landscape architecture manager,Landscape Architecture Manager
laten america director,Director
"Lead Manager of Operations, Senior Director of Marketing",Senior Director of Marketing
lean manufacturing manager,Lean Manufacturing Manager
learning and development director,Learning And Development Director
learning and development director,Learning And Development Director
learning and development manager,Learning and Development Manager
leasing manager,Leasing Manager
legal affairs director,Legal Affairs Director
legal affairs director,Legal Affairs Director
legal affairs manager,Legal Affairs Manager
lms manager,LMS Manager
logistics analytics manager,Logistics Analytics Manager
logistics director,Logistics Director
logistics director,Logistics Director
logistics manager,Logistics Manager
machine learning manager,Machine Learning Manager
maintenance director,Maintenance Director
maintenance director,Maintenance Director
maintenance engineering manager,Maintenance Engineering Manager
maintenance management manager,Maintenance Management Manager
maintenance manager,Maintenance Manager
managed care manager,Managed Care Manager
Manager - Owner Maintenance,Owner
Manager and Director,Director
Manager of Communications - Director of Business Development,Director of Business Development
Manager of Customer Service : COO,COO
Manager of Customer Service : Director of Business Development,Director of Business Development
Manager of Customer Service & COO,COO
Manager of HR / COO,COO
Manager of HR / Director of Operations,Director of Operations
Manager of IT - Director of Engineering,Director of Engineering
Manager of IT / CUO,CUO
manager of IT / director of FINANCE,Director of Finance
Manager of IT and Director of Engineering,Director of Engineering
"Manager of IT, Manager of Sales, Director of Engineering",Director of Engineering
Manager of Operations / CUO,CUO
"Manager of Operations, CTO",CTO
"Manager of Product Development, CMO",CMO
"Manager of Product Development, Director of Finance",Director of Finance
Manager of Product Development; Director of Legal,Director of Legal
Manager of Regional Sales - Global Director of Product,Global Director of Product
Manager of Sales - CMO,CMO
"Manager of Sales (project), Director of Marketing (team lead)",Director of Marketing
"Manager of Sales (temporary role), Director of Marketing (permanent)",Director of Marketing
"Manager of Sales, CTO",CTO
"Manager of Sales, CUO",CUO
"Manager of Sales, Director of Marketing, Director of Sales",Director of Marketing
Manager of Sales|DIRECTOR OF MARKETING,Director of Marketing
Manager Y | COO,COO
Manager Y and Co-Founder,Co-Founder
"Manager Y, CEO",CEO
"Manager, Owner Relations",Owner
managing director,Managing Director
Managing Director - Founder,Founder
Managing Director - Founder,Founder
Managing Director / CEO,CEO
Managing Director / Co-founder,Co-Founder
Managing Director / CUO,Managing Director
Managing Director / Founder,Founder
Managing Director & Founding Partner,Founding Partner
Managing Director | CUO,Managing Director
Managing Director | Founder,Founder
Managing Director and CUO,Managing Director
"Managing Director, COO",Managing Director
Managing Partner,Managing Partner
manufacturing analytics manager,Manufacturing Analytics Manager
manufacturing director,Manufacturing Director
manufacturing director,Manufacturing Director
manufacturing engineering manager,Manufacturing Engineering Manager
manufacturing manager,Manufacturing Manager
market research manager,Market Research Manager
marketing analytics manager,Marketing Analytics Manager
Marketing and IT Director,Marketing and IT Director
marketing director,Marketing Director
marketing director,Marketing Director
Marketing Director and Sales Manager,Marketing Director
marketing manager,Marketing Manager
Materials Buyer / Contract Owner,Contract Owner
materials management manager,Materials Management Manager
MD and founding partner A&B Insurance Brokers ( part,Founding Partner
md ceo,CEO
media relations manager,Media Relations Manager
medical affairs manager,Medical Affairs Manager
medical billing manager,Medical Billing Manager
medical coding manager,Medical Coding Manager
medical records manager,Medical Records Manager
mobile development manager,Mobile Development Manager
multimedia manager,Multimedia Manager
museum operations manager,Museum Operations Manager
network engineering manager,Network Engineering Manager
network security manager,Network Security Manager
nursing manager,Nursing Manager
nutrition manager,Nutrition Manager
Office Manager/Owner,Owner
Office Manager/PA to CEO,PA to CEO
operational excellence manager,Operational Excellence Manager
operations analytics manager,Operations Analytics Manager
Operations Asset Owner,Owner
operations director,Operations Director
operations director,Operations Director
Operations Director and Manager of HR,Operations Director
operations manager,Operations Manager
organizational development director,Organizational Development Director
organizational development director,Organizational Development Director
organizational development manager,Organizational Development Manager
owner,Owner
Owner - Lead Broker,Owner
Owner - Mechanical Engineer,Owner
Owner - Resident Oilfield Notification,Owner
Owner / Managing Member,Owner
Owner / Technical Writer / Documentation Specialist / Editor / Tech Pubs Manager,Owner
Owner & Chief Operating Officer,Owner
Owner & Operations Manager,Owner
Owner & Principal,Principal Owner
Owner and CUO,Owner
Owner and Manager of NMR Services,Owner
Owner at Bristol Construction LLC,Owner
Owner of Evridges inc,Owner
Owner Principal,Principal Owner
Owner Realtions Specialist,Owner
Owner Relations Manager,Owner
Owner-Senior Directional Driller,Owner
"Owner, CEO, PA & WV Notary, Pilot",Owner
Owner's - Principal Process Engineer,Owner
Owners Engineer,Owner
Owners Engineer,Owners Engineer
Owner/CEO,Owner
Owner/Co-Owner,Owner
Owner/Co-Owner/Investor,Owner
owner/manager,Owner
Owner/Operations Manager,Owner
Owner/Partner,Owner
Owner/President,Owner
Owner/President & Engineer,Owner
Owner/President & Engineer,Owner
PA to CEO /Office Manager,PA to CEO
PA to CEO & Board,PA to CEO
Partner - CEO,CEO
partnerships director,Partnerships Director
partnerships director,Partnerships Director
partnerships manager,Partnerships Manager
patient safety manager,Patient Safety Manager
pension services manager,Pension Services Manager
performance management director,Performance Management Director
performance management director,Performance Management Director
performance management manager,Performance Management Manager
performing arts manager,Performing Arts Manager
Petroleum Landman / Owner,Owner
pharmacovigilance manager,Pharmacovigilance Manager
pharmacy manager,Pharmacy Manager
philanthropy manager,Philanthropy Manager
photography manager,Photography Manager
planning manager,Planning Manager
pmo manager,PMO Manager
population health manager,Population Health Manager
portfolio analysis manager,Portfolio Analysis Manager
portfolio management manager,Portfolio Management Manager
Power Platform & Intelligent Automation Product Owner,Product Owner
predictive analytics manager,Predictive Analytics Manager
prescriptive analytics manager,Prescriptive Analytics Manager
president,President
President / CEO,President
President / Co-Founder,Co-Founder
President / CUO,President
President / Founder,Founder
President & Chief Operating Officer,President
President & Managing Director,President
President | COO,President
President and Co-Founder,Co-Founder
President and Co-Owner,Co-Owner
President and COO,President
President and Managing Director,President
"president, Co-Owner",Co-Owner
"President, Co-owner",Co-Owner
President/ Owner/CEO,Owner
President/CEO,President
"President/Owner, Grey Havens Energy, Inc.",Owner
Principal Owner,Principal Owner
Principal Owner : Blackstone Controls,Principal Owner
Principal Production Engineer & Digital Solution Product Owner,Product Owner
private equity manager,Private Equity Manager
Private Medical Insurance & Protection Specialist and Founder,Founder
process engineering manager,Process Engineering Manager
Procurement / Supply Chain Management Data Ingestion Product Owner,Product Owner
procurement director,Procurement Director
procurement director,Procurement Director
Procurement Expeditor / Senior Buyer / Contract Owner,Contract Owner
procurement manager,Procurement Manager
product development director,Product Development Director
product development director,Product Development Director
product development manager,Product Development Manager
product management manager,Product Management Manager
product marketing manager,Product Marketing Manager
Product Owner,Product Owner
Product Owner - Business Solutions Leader,Product Owner
Product Owner - Data & Insights,Product Owner
"Product Owner - Digital Core, Finance ART",Product Owner
"Product Owner / Product Manager, IT Monitoring, Event Management and AIOps at Chevron",Product Owner
Product Owner and Business Process Expert,Product Owner
Product Owner Cloud Facilities Management,Product Owner
"Product Owner Inventory Accounting, SAP S4/Hana",Product Owner
Product Owner of XYZ,Product Owner
Product Owner Power BI and Legacy Visualization,Product Owner
"Product Owner, Revenue Scrum Team - Digital Core (S4/HANA)",Product Owner
product safety manager,Product Safety Manager
production manager,Production Manager
program management manager,Program Management Manager
"Project Engineer, Systems Owner - Project Turnover, Commissioning",Owner
project management manager,Project Management Manager
Project Manager,Project Manager
Project Manager/ Product Owner,Product Owner
property management manager,Property Management Manager
Protection Specialist and Founding Director,Founding Director
provider relations manager,Provider Relations Manager
proxy voting manager,Proxy Voting Manager
public health manager,Public Health Manager
public programs manager,Public Programs Manager
public relations director,Public Relations Director
public relations director,Public Relations Director
public relations manager,Public Relations Manager
publishing manager,Publishing Manager
quality analytics manager,Quality Analytics Manager
quality assurance director,Quality Assurance Director
quality assurance director,Quality Assurance Director
quality assurance manager,Quality Assurance Manager
quality control manager,Quality Control Manager
quality management manager,Quality Management Manager
quantitative analysis manager,Quantitative Analysis Manager
quantum computing manager,Quantum Computing Manager
radiology manager,Radiology Manager
real estate manager,Real Estate Manager
real estate research manager,Real Estate Research Manager
recreational sports manager,Recreational Sports Manager
"Regional Product Owner, Mobile & Loyalty",Owner
regulatory affairs director,Regulatory Affairs Director
regulatory affairs director,Regulatory Affairs Director
regulatory affairs manager,Regulatory Affairs Manager
regulatory compliance manager,Regulatory Compliance Manager
rehabilitation manager,Rehabilitation Manager
reinsurance manager,Reinsurance Manager
reliability engineering manager,Reliability Engineering Manager
renewable energy manager,Renewable Energy Manager
research development manager,Research Development Manager
research director,Research Director
research director,Research Director
research manager,Research Manager
residence life manager,Residence Life Manager
restaurant operations manager,Restaurant Operations Manager
revenue cycle management manager,Revenue Cycle Management Manager
Revenue Management and Pricing Product Owner,Product Owner
risk analytics manager,Risk Analytics Manager
risk management manager,Risk Management Manager
robotics manager,Robotics Manager
safe manager,SAFe Manager
SAFe Product Owner - Wells Design,Product Owner
sales analytics manager,Sales Analytics Manager
sales director,Sales Director
sales director,Sales Director
sales manager,Sales Manager
sales operations manager,Sales Operations Manager
sales&marketing director,Sales & Marketing Director
scheduling manager,Scheduling Manager
scm manager,SCM Manager
scrum manager,Scrum Manager
SCRUM MASTER / SR. BUSINESS ANALYST / PRODUCT OWNER,Product Owner
security director,Security Director
security director,Security Director
security manager,Security Manager
Senior Data Analyst- Product Owner ITOE Data Management Oprational Support,Product Owner
Senior Manager of IT / Executive Director of Engineering,Executive Director of Engineering
Senior Owner Relations Analyst,Owner
Senior Product Owner,Product Owner
senior programs manager,Senior Programs Manager
Senior Project Controls Advisor|Digital Advisor|Product Owner,Product Owner
Senior QA Engineer/Performance Data Analysis Program Owner,Owner
Senior QA Engineer/Performance Data Analysis Program Owner,Program Owner
service delivery manager,Service Delivery Manager
settlement services manager,Settlement Services Manager
shareholder services manager,Shareholder Services Manager
six sigma manager,Six Sigma Manager
social media director,Social Media Director
social media director,Social Media Director
social media manager,Social Media Manager
social services manager,Social Services Manager
software development manager,Software Development Manager
software engineering manager,Software Engineering Manager
sourcing manager,Sourcing Manager
spa operations manager,Spa Operations Manager
special events manager,Special Events Manager
sports information manager,Sports Information Manager
sports marketing manager,Sports Marketing Manager
sports medicine manager,Sports Medicine Manager
Sr Owner Relations / Land Analyst,Owner
Sr. Safety owner rep.,Owner
Sr. Safety owner rep.,Owner's Representive
Store Owner,Store Owner
strategic planning manager,Strategic Planning Manager
strategy director,Strategy Director
strategy director,Strategy Director
strategy manager,Strategy Manager
student activities manager,Student Activities Manager
student affairs manager,Student Affairs Manager
study abroad manager,Study Abroad Manager
supply chain analytics manager,Supply Chain Analytics Manager
supply chain director,Supply Chain Director
supply chain director,Supply Chain Director
supply chain manager,Supply Chain Manager
supply chain operations manager,Supply Chain Operations Manager
sustainability manager,Sustainability Manager
sustainable investing manager,Sustainable Investing Manager
System Completions Owner,System Owner
System Owner / MC Engineer,System Owner
Systems Completion Senior Site Owner,Site Owner
systems integration manager,Systems Integration Manager
talent acquisition director,Talent Acquisition Director
talent acquisition director,Talent Acquisition Director
talent acquisition manager,Talent Acquisition Manager
tax manager,Tax Manager
Team Lead and Process Owner,Team Lead and Process Owner
technical director,Technical Director
"Technical Lead and Product Owner, Subsurface Data & Insights Lab Applications",Product Owner
Technical Product Owner & Data Visualization Engineer - Global Security and Office Facilities,Product Owner
Technical Product Owner/Software Test Lead,Product Owner
technical support manager,Technical Support Manager
telehealth manager,Telehealth Manager
ticket sales manager,Ticket Sales Manager
trading manager,Trading Manager
Trading Risk Management Product Owner,Product Owner
Trailblazer (Owner / Operator),Owner
training and development director,Training And Development Director
training and development director,Training And Development Director
training and development manager,Training and Development Manager
transfer agency manager,Transfer Agency Manager
transportation manager,Transportation Manager
transportation planning manager,Transportation Planning Manager
treasury manager,Treasury Manager
Turbo Machinery Contracts Owner,Contract Owner
UK COO,COO
underwriting manager,Underwriting Manager
urban planning manager,Urban Planning Manager
user experience director,User Experience Director
user experience director,User Experience Director
user experience manager,User Experience Manager
utilization management manager,Utilization Management Manager
ux/ui manager,UX & UI Manager
Value Chain Optimization Global Advisor/Product Owner,Product Owner
vendor management manager,Vendor Management Manager
venture capital manager,Venture Capital Manager
vice president,Vice President
Vice President of design / Owner,Owner
video production manager,Video Production Manager
visual arts manager,Visual Arts Manager
volunteer services manager,Volunteer Services Manager
VP  ,Vice President
VP of Operations and Sales for SNLEE / Co owner of Maximum pressure control,Vice President
VP of Operations and Sales for SNLEE / Co owner of Maximum pressure control,Co-Owner
"VP of Sales & Business Development, Co-Owner",Co-Owner
"VP, CEO",Vice President
"VP, COO",Vice President
warehouse operations manager,Warehouse Operations Manager
waste management manager,Waste Management Manager
water resources manager,Water Resources Manager
wealth management manager,Wealth Management Manager
web analytics manager,Web Analytics Manager
web development manager,Web Development Manager
wellness programs manager,Wellness Programs Manager
Wind Farm Construction Manager/Owner's Rep,Owner's Representive
youth programs manager,Youth Programs Manager
partner,Partner
General Partner,Partner
Global Talent Partner,Talent Partner
Associate Partner,Associate Partner
Chief Technology Officer & Co-Founder,Co-Founder
Client Partner,Client Partner
Co-Founder and Chairman,Chairman
Talent Business Partner,Talent Business Partner
"Founder, Co-CEO",Founder
Founder & Partner,Founder
"Founder, CTO, AI and Data Architect",Founder
"Founder, CTO",Founder
Founder @ Mojo Supermarket | Small Agency,Founder
"GP | Managing Partner, Renew Venture Capital Impact Fund",Managing Partner
Founding Partner Avaana Climate Sustainability Fund,Founding Partner
Founder / Managing General Partner,Founder
"Founder, Teens in AI",Founder
Founder/Managing Recruiting Partner,Founder
Founder / Publisher,Founder
Founder / Director - 20 Years Recruiting for the Contact Centre & Customer Service Industries,Founder
Founders Associate,Founders Associate
Founders Pledge Member,Founders Pledge Member
"Founder, CEO and Chief Visionary Officer (CVO) at The Entrepreneur Nation",Founder
Founder Codefield | Where developers are home,Founder
Executive Chairman,Executive Chairman
Founder and Managing Director of The Lighthouse/Clinical Psychologist,Founder
Founder and Designer,Founder
Founder and Co-Managing Partner,Founder
Founder and Chief Content Strategist,Founder
"Founder | Blockchain, Cryptocurrency | Asset Management | Hedge Funds",Founder
Founder  Managing Director  Neurolanguage Coach Trainer  Corporate & Private Language Coach,Founder
"Founder, Best Seller Publishing | Ghostwriting, Book Promotion and PR Services - all in one",Founder
"Founder of Agile Developer, Inc. and Adjunct Professor",Founder
Founder of B Jolly Foundation,Founder
Founder of Europe's First Salesforce Recruitment business ,Founder
General Partner at Flybridge. Co-Founder,Co-founder
Principal and Co-Founder,Co-Founder
RD Station Partner Executive Council Member 2023/2024,Partner
Recruitment Partner,Recruitment Partner
Senior Business Partner,Business Partner
Senior Global Talent Acquisition Partner,Talent Acquisition Partner
Senior Partner,Partner
Senior Partner - Automotive & E-Mobil,Partner
Senior Partner // Career Coach,Partner
Principal Talent Acquisition Partner,Talent Acquisition Partner
"Partner, tech division",Partner
Partner | Head of AI Innovation,Partner
"Partner, Executive Search",Partner
"Partner, Head of Customer Relations",Partner
"Partner, attorney",Partner
People Business Partner,People Business Partner
People and Talent Partner,People and Talent Partner
"President, COO, & Co-Founder",Co-Founder
VP of Customer & Partner Success,Vice President
Talent Partner,Talent Partner
Team Lead | Tech Recruiter & Business Partner,Business Partner
"VP - People Partner, Talent Management",Vice President
VP of Partner Ecosystem Growth Acceleration,Vice President
Venture Operating Partner,Partner
Venture Partner,Partner
Vice President & Partner,Vice President & Partner
 SHAZAMME Co-Founder | We've Created the Canva,Co-Founder
Senior Talent Partner - Central Teams & Executive Hiring,Talent Partner
Social Selling & Marketing Consultancy Founder,Founder
Talent Acquisition Leader & Founder,Founder
Partner Account Manager,Partner
Grnderin und CEO,Founder
Head of US Market,Head of Marketing
IT Business Partner,Business Partner
LP & Operating Partner,Operating Partner
General Partner and Co-Founder,Co-Founder
Global Director of Growth | Partner,Partner
Operating Partner & MD,Operating Partner & MD
Managing Partner/Co-Founder,Co-Founder
Partner & Founder W Executive - Executive Search CFO/M&A/Private Equity,Founder
Partner & Operations Director,Partner & Operations Director
Managing Partner | Senior Technology Recruiter,Managing Partner
MD & Co-Founder,Co-Founder
Managing Partner (US/UK/EU) + Global Head of Origination,Managing Partner
Co-Founder & CRO,Co-Founder
Co-Founder & Chairwoman,Co-Founder
Co-Founder & Chief Instigator,Co-Founder
Co-Founder & Board Member,Co-Founder
Co Founder JamarGig,Co-Founder
Co-Founder and Chairman,Co-Founder
"Co Founder, CEO",Co-Founder
Co founder and Partner,Co-Founder and Partner
Chief Sales Officer / Founder,Founder
Chief Sourcing Officer and Co-Founder,Co-Founder
Cloud Partner Engineer,Cloud Partner Engineer
Co-CEO and Director (Founder),Founder Director
Co-Founder & General Partner,Co-Founder
Co-Founder and Chief Architect,Co-Founder
Co-Founder and Board Member,Co-Founder
Co-Founder & Head of Partnerships,Co-Founder
Co-Founder and Executive Partner,Co-Founder
Co-Founder and General Partne,Co-Founder
Co-Founder / Fractional Leader,Co-Founder
"Co-Founder - AI Operations, AI Strategy, Product Development/Delivery",Co-Founder
Co-Founder - CEO,Co-Founder
"Chief People Officer, Fractional CHRO ,Thrive and Thrive Live Founder",Chief People Officer
CEO - Co Founder,Co-Founder
"CEO ,Co Founder",Co-Founder
CEO / CFO and Founder,Founder
CEO / Co-Founder,Co-Founder
Agency Project Management with Tangible ROI | Founder,Founder
Arquiteta de Software | Founder Decoder,Founder
Assistant Manager - People Practices (HR Business Partner),HR Business Partner
"Founder, Co-CEO @Interfell",Founder
Founder and Chief Architect,Founder
Founder and Co-CEO,Founder
"Founder and Executive Chairman, LTSE",Founder
Founder | CBO at Crumbl Cookies,Founder
Founder and Principal,Founder
"Founder and President - Leadership, Career and Life Coach",Founder
Partner Engineer,Partner Engineer
Partner Account Manager,Partner Account Manager
Managing Partner/Founder,Founder
Managing Partner & Founder,Founder
Co-CEO and Founder,Founder
Co-Founder & Chief Sales Officer,Founder
Co-Founder & Executive Chairman,Co-Founder
Co-Founder and Head Of Strategy,Co-Founder
CCO & Founder,Founder
"CEO and Founder, Industry Analyst, Marketing Accelerator, Product Marketing Coach",Founder
Equity Partner,Equity Partner
"Chairman, President",Chairman
"Chairperson, President",Chairperson
"Chairman,CEO",Chairman
Chief Executive Officer (CEO) - Founder,Founder
CPO,CPO
CIO & Co-Founder,Co-Founder
CMO / Co-founder,Co-Founder
COO & Co-Founder,Co-Founder
"Founder & CEO, General Partner of the Fund",Founder
Founder & CEO/ Revenue Opetations:Digital Transformation/ Martech and Salestech,Founder
Founder & Board Director,Founder
Executive Recruiter / Co-Founder,Co-Founder
Director of Sales & Marketing & Co-Founder,Co-Founder
Founder & Chief Analytics Architect,Founder
Executive Director & Co-Founder,Co-Founder
Founder & Rural Marketing Head,Founder
Founder - CPO,Founder
Founder & Chief Marketing Officer,Founder
Founder & Co-CEO,Founder
"Co-Founder, Director of Business Development",Co-Founder
Co-founder & Educational Institutions Relations Manager,Co-Founder
"Co-Founder, Chairman",Co-Founder
"Co-Founder, Business Development & Staff Augmentation Partnerships in AI & Web Development",Co-Founder
Cofounder nth Venture,Co-Founder
Creative Director / Founder,Founder
Creative Director / Partner,Creative Director and Partner
Digital Transformation Partner,Digital Transformation Partner
"Co-founder/Product Manager, Google Cloud Solutions Center",Co-Founder
Co-founder & Strategic Advisor,Co-Founder
Co-founder & managing partner,Co-Founder